{
    "X_OFFSET": 54.74677963096462,
    "X_MIN_AOD": 151.74677963096462,
    "X_MAX_AOD": 161.74677963096462,
    "Y_OFFSET": -1.7995283193933806,
    "Y_MIN_AOD": 88.20047168060663,
    "Y_MAX_AOD": 98.20047168060663
}