{
    "X_OFFSET": -5998.680950244362,
    "X_MIN_AOD": -5901.680950244361,
    "X_MAX_AOD": -5891.680950244361,
    "Y_OFFSET": 1253.611531412043,
    "Y_MIN_AOD": 1343.6115314120432,
    "Y_MAX_AOD": 1353.6115314120432
}